﻿<!--Erzeugt mit KIT (www.kit.edu) UmlToXmlTransformation-Software, Erstellungsdatum: 22.08.2012 09:24:18-->
<TypeDefinition xmlns="http://www.interactive-instruments.de/ShapeChange/Definitions/0.5" xmlns:def="http://www.interactive-instruments.de/ShapeChange/Definitions/0.5" xmlns:gml="http://www.opengis.net/gml/3.2" xmlns:xlink="http://www.w3.org/1999/xlink" xmlns:xsi="http://www.w3.org/2001/XMLSchema-instance" xsi:schemaLocation="http://www.interactive-instruments.de/ShapeChange/Definitions/0.5 ../xsd/ShapeChangeDefinitions.xsd" gml:id="utilcomp_RectangularPipe">
  <gml:description />
  <gml:identifier codeSpace="urn:citgml">urn:xplan:element:utilcomp:RectangularPipe</gml:identifier>
  <gml:name>utilcomp:RectangularPipe</gml:name>
  <gml:dictionaryEntry>
    <def:PropertyDefinition gml:id="utilcomp_RectangularPipe_interiorWidth">
      <gml:description />
      <gml:identifier codeSpace="urn:citgml">urn:xplan:element:utilcomp:RectangularPipe:attribute:interiorWidth</gml:identifier>
      <gml:name>utilcomp:interiorWidth</gml:name>
      <def:cardinality>0..1</def:cardinality>
      <def:valueTypeName>Length</def:valueTypeName>
      <def:type>attribute</def:type>
    </def:PropertyDefinition>
  </gml:dictionaryEntry>
  <gml:dictionaryEntry>
    <def:PropertyDefinition gml:id="utilcomp_RectangularPipe_interiorHeight">
      <gml:description />
      <gml:identifier codeSpace="urn:citgml">urn:xplan:element:utilcomp:RectangularPipe:attribute:interiorHeight</gml:identifier>
      <gml:name>utilcomp:interiorHeight</gml:name>
      <def:cardinality>0..1</def:cardinality>
      <def:valueTypeName>Length</def:valueTypeName>
      <def:type>attribute</def:type>
    </def:PropertyDefinition>
  </gml:dictionaryEntry>
  <def:classification>featureType</def:classification>
  <def:supertypeRef xlink:href="urn:xplan:element:utilcomp:Abstract_Pipe" />
</TypeDefinition>