﻿<!--Erzeugt mit KIT (www.kit.edu) UmlToXmlTransformation-Software, Erstellungsdatum: 22.08.2012 09:24:15-->
<TypeDefinition xmlns="http://www.interactive-instruments.de/ShapeChange/Definitions/0.5" xmlns:def="http://www.interactive-instruments.de/ShapeChange/Definitions/0.5" xmlns:gml="http://www.opengis.net/gml/3.2" xmlns:xlink="http://www.w3.org/1999/xlink" xmlns:xsi="http://www.w3.org/2001/XMLSchema-instance" xsi:schemaLocation="http://www.interactive-instruments.de/ShapeChange/Definitions/0.5 ../xsd/ShapeChangeDefinitions.xsd" gml:id="utilcore_Network">
  <gml:description>The aggregation of &lt;i&gt;NetworkFeature&lt;/i&gt; instances to an entire utility network is called &lt;i&gt;Network&lt;/i&gt;. A&lt;i&gt; Network&lt;/i&gt; is characterized by a homogeneous type of commodity such as water, electricity, or gas. Analogously to &lt;i&gt;NetworkFeature&lt;/i&gt;,&lt;i&gt; &lt;/i&gt;a &lt;i&gt;Network&lt;/i&gt; employs the concept of &lt;i&gt;dual representation&lt;/i&gt;. Whereas its 3D topography is implicitly given by the 3D topography of its components, the graph-based mapping is explicitly modeled as &lt;i&gt;NetworkGraph&lt;/i&gt;.</gml:description>
  <gml:identifier codeSpace="urn:citgml">urn:xplan:element:utilcore:Network</gml:identifier>
  <gml:name>utilcore:Network</gml:name>
  <gml:dictionaryEntry>
    <def:PropertyDefinition gml:id="utilcore_Network_linkMember">
      <gml:description />
      <gml:identifier codeSpace="urn:citgml">urn:xplan:element:utilcore:Network:association-role:linkMember</gml:identifier>
      <gml:name>utilcore:linkMember</gml:name>
      <def:cardinality>0..*</def:cardinality>
      <def:valueTypeRef xlink:href="urn:xplan:element:utilcore:NetworkLink" />
      <def:type>associationRole</def:type>
    </def:PropertyDefinition>
  </gml:dictionaryEntry>
  <gml:dictionaryEntry>
    <def:PropertyDefinition gml:id="utilcore_Network_topoGraph">
      <gml:description />
      <gml:identifier codeSpace="urn:citgml">urn:xplan:element:utilcore:Network:association-role:topoGraph</gml:identifier>
      <gml:name>utilcore:topoGraph</gml:name>
      <def:cardinality>0..1</def:cardinality>
      <def:valueTypeRef xlink:href="urn:xplan:element:utilcore:NetworkGraph" />
      <def:type>associationRole</def:type>
    </def:PropertyDefinition>
  </gml:dictionaryEntry>
  <gml:dictionaryEntry>
    <def:PropertyDefinition gml:id="utilcore_Network_subNetwork">
      <gml:description />
      <gml:identifier codeSpace="urn:citgml">urn:xplan:element:utilcore:Network:association-role:subNetwork</gml:identifier>
      <gml:name>utilcore:subNetwork</gml:name>
      <def:cardinality>0..*</def:cardinality>
      <def:valueTypeRef xlink:href="urn:xplan:element:utilcore:Network" />
      <def:type>associationRole</def:type>
    </def:PropertyDefinition>
  </gml:dictionaryEntry>
  <gml:dictionaryEntry>
    <def:PropertyDefinition gml:id="utilcore_Network_component">
      <gml:description />
      <gml:identifier codeSpace="urn:citgml">urn:xplan:element:utilcore:Network:association-role:component</gml:identifier>
      <gml:name>utilcore:component</gml:name>
      <def:cardinality>0..*</def:cardinality>
      <def:valueTypeRef xlink:href="urn:xplan:element:utilcore:Abstract_NetworkFeature" />
      <def:type>associationRole</def:type>
    </def:PropertyDefinition>
  </gml:dictionaryEntry>
  <def:classification>featureType</def:classification>
  <def:supertypeRef xlink:href="urn:xplan:element:core:_CityObject" />
</TypeDefinition>