﻿<!--Erzeugt mit KIT (www.kit.edu) UmlToXmlTransformation-Software, Erstellungsdatum: 22.08.2012 09:24:19-->
<TypeDefinition xmlns="http://www.interactive-instruments.de/ShapeChange/Definitions/0.5" xmlns:def="http://www.interactive-instruments.de/ShapeChange/Definitions/0.5" xmlns:gml="http://www.opengis.net/gml/3.2" xmlns:xlink="http://www.w3.org/1999/xlink" xmlns:xsi="http://www.w3.org/2001/XMLSchema-instance" xsi:schemaLocation="http://www.interactive-instruments.de/ShapeChange/Definitions/0.5 ../xsd/ShapeChangeDefinitions.xsd" gml:id="utilcomp_MeasurementDevice">
  <gml:description />
  <gml:identifier codeSpace="urn:citgml">urn:xplan:element:utilcomp:MeasurementDevice</gml:identifier>
  <gml:name>utilcomp:MeasurementDevice</gml:name>
  <gml:dictionaryEntry>
    <def:PropertyDefinition gml:id="utilcomp_MeasurementDevice_class">
      <gml:description />
      <gml:identifier codeSpace="urn:citgml">urn:xplan:element:utilcomp:MeasurementDevice:attribute:class</gml:identifier>
      <gml:name>utilcomp:class</gml:name>
      <gml:dictionaryEntry>
        <ListedValueDefinition gml:id="utilcomp_MeasurementDevice_class_MeasurementDeviceClass_unknown">
          <gml:identifier codeSpace="urn:citgml">urn:xplan:enum:utilcomp:MeasurementDevice:class:MeasurementDeviceClass:unknown</gml:identifier>
          <gml:name>unknown</gml:name>
        </ListedValueDefinition>
      </gml:dictionaryEntry>
      <gml:dictionaryEntry>
        <ListedValueDefinition gml:id="utilcomp_MeasurementDevice_class_MeasurementDeviceClass_anode">
          <gml:identifier codeSpace="urn:citgml">urn:xplan:enum:utilcomp:MeasurementDevice:class:MeasurementDeviceClass:anode</gml:identifier>
          <gml:name>anode</gml:name>
        </ListedValueDefinition>
      </gml:dictionaryEntry>
      <gml:dictionaryEntry>
        <ListedValueDefinition gml:id="utilcomp_MeasurementDevice_class_MeasurementDeviceClass_corrosionDetector">
          <gml:identifier codeSpace="urn:citgml">urn:xplan:enum:utilcomp:MeasurementDevice:class:MeasurementDeviceClass:corrosionDetector</gml:identifier>
          <gml:name>corrosionDetector</gml:name>
        </ListedValueDefinition>
      </gml:dictionaryEntry>
      <gml:dictionaryEntry>
        <ListedValueDefinition gml:id="utilcomp_MeasurementDevice_class_MeasurementDeviceClass_pressureSensor">
          <gml:identifier codeSpace="urn:citgml">urn:xplan:enum:utilcomp:MeasurementDevice:class:MeasurementDeviceClass:pressureSensor</gml:identifier>
          <gml:name>pressureSensor</gml:name>
        </ListedValueDefinition>
      </gml:dictionaryEntry>
      <gml:dictionaryEntry>
        <ListedValueDefinition gml:id="utilcomp_MeasurementDevice_class_MeasurementDeviceClass_meter">
          <gml:identifier codeSpace="urn:citgml">urn:xplan:enum:utilcomp:MeasurementDevice:class:MeasurementDeviceClass:meter</gml:identifier>
          <gml:name>meter</gml:name>
        </ListedValueDefinition>
      </gml:dictionaryEntry>
      <def:cardinality>1</def:cardinality>
      <def:valueTypeName>MeasurementDeviceClass</def:valueTypeName>
      <def:type>attribute</def:type>
    </def:PropertyDefinition>
  </gml:dictionaryEntry>
  <def:classification>featureType</def:classification>
  <def:supertypeRef xlink:href="urn:xplan:element:utilcomp:Abstract_Device" />
</TypeDefinition>