﻿<!--Erzeugt mit KIT (www.kit.edu) UmlToXmlTransformation-Software, Erstellungsdatum: 22.08.2012 09:24:18-->
<TypeDefinition xmlns="http://www.interactive-instruments.de/ShapeChange/Definitions/0.5" xmlns:def="http://www.interactive-instruments.de/ShapeChange/Definitions/0.5" xmlns:gml="http://www.opengis.net/gml/3.2" xmlns:xlink="http://www.w3.org/1999/xlink" xmlns:xsi="http://www.w3.org/2001/XMLSchema-instance" xsi:schemaLocation="http://www.interactive-instruments.de/ShapeChange/Definitions/0.5 ../xsd/ShapeChangeDefinitions.xsd" gml:id="utilcomp_TerminalElement">
  <gml:description />
  <gml:identifier codeSpace="urn:citgml">urn:xplan:element:utilcomp:TerminalElement</gml:identifier>
  <gml:name>utilcomp:TerminalElement</gml:name>
  <gml:dictionaryEntry>
    <def:PropertyDefinition gml:id="utilcomp_TerminalElement_class">
      <gml:description />
      <gml:identifier codeSpace="urn:citgml">urn:xplan:element:utilcomp:TerminalElement:attribute:class</gml:identifier>
      <gml:name>utilcomp:class</gml:name>
      <gml:dictionaryEntry>
        <ListedValueDefinition gml:id="utilcomp_TerminalElement_class_TerminalClass_unknown">
          <gml:identifier codeSpace="urn:citgml">urn:xplan:enum:utilcomp:TerminalElement:class:TerminalClass:unknown</gml:identifier>
          <gml:name>unknown</gml:name>
        </ListedValueDefinition>
      </gml:dictionaryEntry>
      <gml:dictionaryEntry>
        <ListedValueDefinition gml:id="utilcomp_TerminalElement_class_TerminalClass_lamp">
          <gml:identifier codeSpace="urn:citgml">urn:xplan:enum:utilcomp:TerminalElement:class:TerminalClass:lamp</gml:identifier>
          <gml:name>lamp</gml:name>
        </ListedValueDefinition>
      </gml:dictionaryEntry>
      <gml:dictionaryEntry>
        <ListedValueDefinition gml:id="utilcomp_TerminalElement_class_TerminalClass_cock">
          <gml:identifier codeSpace="urn:citgml">urn:xplan:enum:utilcomp:TerminalElement:class:TerminalClass:cock</gml:identifier>
          <gml:name>cock</gml:name>
        </ListedValueDefinition>
      </gml:dictionaryEntry>
      <gml:dictionaryEntry>
        <ListedValueDefinition gml:id="utilcomp_TerminalElement_class_TerminalClass_streetLight">
          <gml:identifier codeSpace="urn:citgml">urn:xplan:enum:utilcomp:TerminalElement:class:TerminalClass:streetLight</gml:identifier>
          <gml:name>streetLight</gml:name>
        </ListedValueDefinition>
      </gml:dictionaryEntry>
      <gml:dictionaryEntry>
        <ListedValueDefinition gml:id="utilcomp_TerminalElement_class_TerminalClass_hydrant">
          <gml:identifier codeSpace="urn:citgml">urn:xplan:enum:utilcomp:TerminalElement:class:TerminalClass:hydrant</gml:identifier>
          <gml:name>hydrant</gml:name>
        </ListedValueDefinition>
      </gml:dictionaryEntry>
      <def:cardinality>0..1</def:cardinality>
      <def:valueTypeName>TerminalClass</def:valueTypeName>
      <def:type>attribute</def:type>
    </def:PropertyDefinition>
  </gml:dictionaryEntry>
  <def:classification>featureType</def:classification>
  <def:supertypeRef xlink:href="urn:xplan:element:utilcomp:Abstract_NetworkFeature" />
</TypeDefinition>