﻿<!--Erzeugt mit KIT (www.kit.edu) UmlToXmlTransformation-Software, Erstellungsdatum: 22.08.2012 09:24:20-->
<TypeDefinition xmlns="http://www.interactive-instruments.de/ShapeChange/Definitions/0.5" xmlns:def="http://www.interactive-instruments.de/ShapeChange/Definitions/0.5" xmlns:gml="http://www.opengis.net/gml/3.2" xmlns:xlink="http://www.w3.org/1999/xlink" xmlns:xsi="http://www.w3.org/2001/XMLSchema-instance" xsi:schemaLocation="http://www.interactive-instruments.de/ShapeChange/Definitions/0.5 ../xsd/ShapeChangeDefinitions.xsd" gml:id="utilnetprop_Abstract_CommodityType">
  <gml:description />
  <gml:identifier codeSpace="urn:citgml">urn:xplan:element:utilnetprop:Abstract_CommodityType</gml:identifier>
  <gml:name>utilnetprop:Abstract_CommodityType</gml:name>
  <gml:dictionaryEntry>
    <def:PropertyDefinition gml:id="utilnetprop_Abstract_CommodityType_owner">
      <gml:description />
      <gml:identifier codeSpace="urn:citgml">urn:xplan:element:utilnetprop:Abstract_CommodityType:attribute:owner</gml:identifier>
      <gml:name>utilnetprop:owner</gml:name>
      <def:cardinality>0..1</def:cardinality>
      <def:valueTypeName>CharacterString</def:valueTypeName>
      <def:type>attribute</def:type>
    </def:PropertyDefinition>
  </gml:dictionaryEntry>
  <gml:dictionaryEntry>
    <def:PropertyDefinition gml:id="utilnetprop_Abstract_CommodityType_isClassifiedBy">
      <gml:description />
      <gml:identifier codeSpace="urn:citgml">urn:xplan:element:utilnetprop:Abstract_CommodityType:association-role:isClassifiedBy</gml:identifier>
      <gml:name>utilnetprop:isClassifiedBy</gml:name>
      <def:cardinality>0..*</def:cardinality>
      <def:valueTypeRef xlink:href="urn:xplan:element:utilnetprop:Abstract_CommodityClassifier" />
      <def:type>associationRole</def:type>
    </def:PropertyDefinition>
  </gml:dictionaryEntry>
  <def:classification>featureType</def:classification>
</TypeDefinition>