﻿<!--Erzeugt mit KIT (www.kit.edu) UmlToXmlTransformation-Software, Erstellungsdatum: 22.08.2012 09:24:20-->
<TypeDefinition xmlns="http://www.interactive-instruments.de/ShapeChange/Definitions/0.5" xmlns:def="http://www.interactive-instruments.de/ShapeChange/Definitions/0.5" xmlns:gml="http://www.opengis.net/gml/3.2" xmlns:xlink="http://www.w3.org/1999/xlink" xmlns:xsi="http://www.w3.org/2001/XMLSchema-instance" xsi:schemaLocation="http://www.interactive-instruments.de/ShapeChange/Definitions/0.5 ../xsd/ShapeChangeDefinitions.xsd" gml:id="utilnetprop_Electrical">
  <gml:description />
  <gml:identifier codeSpace="urn:citgml">urn:xplan:element:utilnetprop:Electrical</gml:identifier>
  <gml:name>utilnetprop:Electrical</gml:name>
  <gml:dictionaryEntry>
    <def:PropertyDefinition gml:id="utilnetprop_Electrical_type">
      <gml:description />
      <gml:identifier codeSpace="urn:citgml">urn:xplan:element:utilnetprop:Electrical:attribute:type</gml:identifier>
      <gml:name>utilnetprop:type</gml:name>
      <gml:dictionaryEntry>
        <ListedValueDefinition gml:id="utilnetprop_Electrical_type_ElectricalMedia_unknown">
          <gml:identifier codeSpace="urn:citgml">urn:xplan:enum:utilnetprop:Electrical:type:ElectricalMedia:unknown</gml:identifier>
          <gml:name>unknown</gml:name>
        </ListedValueDefinition>
      </gml:dictionaryEntry>
      <gml:dictionaryEntry>
        <ListedValueDefinition gml:id="utilnetprop_Electrical_type_ElectricalMedia_directCurrent">
          <gml:identifier codeSpace="urn:citgml">urn:xplan:enum:utilnetprop:Electrical:type:ElectricalMedia:directCurrent</gml:identifier>
          <gml:name>directCurrent</gml:name>
        </ListedValueDefinition>
      </gml:dictionaryEntry>
      <gml:dictionaryEntry>
        <ListedValueDefinition gml:id="utilnetprop_Electrical_type_ElectricalMedia_threePhaseAltenatingCurrent">
          <gml:identifier codeSpace="urn:citgml">urn:xplan:enum:utilnetprop:Electrical:type:ElectricalMedia:threePhaseAltenatingCurrent</gml:identifier>
          <gml:name>threePhaseAltenatingCurrent</gml:name>
        </ListedValueDefinition>
      </gml:dictionaryEntry>
      <gml:dictionaryEntry>
        <ListedValueDefinition gml:id="utilnetprop_Electrical_type_ElectricalMedia_singlePhaseAltenatingCurrent">
          <gml:identifier codeSpace="urn:citgml">urn:xplan:enum:utilnetprop:Electrical:type:ElectricalMedia:singlePhaseAltenatingCurrent</gml:identifier>
          <gml:name>singlePhaseAltenatingCurrent</gml:name>
        </ListedValueDefinition>
      </gml:dictionaryEntry>
      <gml:dictionaryEntry>
        <ListedValueDefinition gml:id="utilnetprop_Electrical_type_ElectricalMedia_undulatoryCurrent">
          <gml:identifier codeSpace="urn:citgml">urn:xplan:enum:utilnetprop:Electrical:type:ElectricalMedia:undulatoryCurrent</gml:identifier>
          <gml:name>undulatoryCurrent</gml:name>
        </ListedValueDefinition>
      </gml:dictionaryEntry>
      <gml:dictionaryEntry>
        <ListedValueDefinition gml:id="utilnetprop_Electrical_type_ElectricalMedia_telephone">
          <gml:identifier codeSpace="urn:citgml">urn:xplan:enum:utilnetprop:Electrical:type:ElectricalMedia:telephone</gml:identifier>
          <gml:name>telephone</gml:name>
        </ListedValueDefinition>
      </gml:dictionaryEntry>
      <def:cardinality>1</def:cardinality>
      <def:valueTypeName>ElectricalMedia</def:valueTypeName>
      <def:type>attribute</def:type>
    </def:PropertyDefinition>
  </gml:dictionaryEntry>
  <gml:dictionaryEntry>
    <def:PropertyDefinition gml:id="utilnetprop_Electrical_voltageRange">
      <gml:description />
      <gml:identifier codeSpace="urn:citgml">urn:xplan:element:utilnetprop:Electrical:attribute:voltageRange</gml:identifier>
      <gml:name>utilnetprop:voltageRange</gml:name>
      <def:cardinality>0..1</def:cardinality>
      <def:valueTypeName>QuantityExtent</def:valueTypeName>
      <def:type>attribute</def:type>
    </def:PropertyDefinition>
  </gml:dictionaryEntry>
  <gml:dictionaryEntry>
    <def:PropertyDefinition gml:id="utilnetprop_Electrical_amperageRange">
      <gml:description />
      <gml:identifier codeSpace="urn:citgml">urn:xplan:element:utilnetprop:Electrical:attribute:amperageRange</gml:identifier>
      <gml:name>utilnetprop:amperageRange</gml:name>
      <def:cardinality>0..1</def:cardinality>
      <def:valueTypeName>QuantityExtent</def:valueTypeName>
      <def:type>attribute</def:type>
    </def:PropertyDefinition>
  </gml:dictionaryEntry>
  <gml:dictionaryEntry>
    <def:PropertyDefinition gml:id="utilnetprop_Electrical_bandWith">
      <gml:description />
      <gml:identifier codeSpace="urn:citgml">urn:xplan:element:utilnetprop:Electrical:attribute:bandWith</gml:identifier>
      <gml:name>utilnetprop:bandWith</gml:name>
      <def:cardinality>0..1</def:cardinality>
      <def:valueTypeName>QuantityExtent</def:valueTypeName>
      <def:type>attribute</def:type>
    </def:PropertyDefinition>
  </gml:dictionaryEntry>
  <def:classification>featureType</def:classification>
  <def:supertypeRef xlink:href="urn:xplan:element:utilnetprop:Abstract_CommodityType" />
</TypeDefinition>