﻿<!--Erzeugt mit KIT (www.kit.edu) UmlToXmlTransformation-Software, Erstellungsdatum: 22.08.2012 09:24:19-->
<TypeDefinition xmlns="http://www.interactive-instruments.de/ShapeChange/Definitions/0.5" xmlns:def="http://www.interactive-instruments.de/ShapeChange/Definitions/0.5" xmlns:gml="http://www.opengis.net/gml/3.2" xmlns:xlink="http://www.w3.org/1999/xlink" xmlns:xsi="http://www.w3.org/2001/XMLSchema-instance" xsi:schemaLocation="http://www.interactive-instruments.de/ShapeChange/Definitions/0.5 ../xsd/ShapeChangeDefinitions.xsd" gml:id="utilcomp_TechDevice">
  <gml:description />
  <gml:identifier codeSpace="urn:citgml">urn:xplan:element:utilcomp:TechDevice</gml:identifier>
  <gml:name>utilcomp:TechDevice</gml:name>
  <gml:dictionaryEntry>
    <def:PropertyDefinition gml:id="utilcomp_TechDevice_class">
      <gml:description />
      <gml:identifier codeSpace="urn:citgml">urn:xplan:element:utilcomp:TechDevice:attribute:class</gml:identifier>
      <gml:name>utilcomp:class</gml:name>
      <gml:dictionaryEntry>
        <ListedValueDefinition gml:id="utilcomp_TechDevice_class_TechDeviceClass_pump">
          <gml:identifier codeSpace="urn:citgml">urn:xplan:enum:utilcomp:TechDevice:class:TechDeviceClass:pump</gml:identifier>
          <gml:name>pump</gml:name>
        </ListedValueDefinition>
      </gml:dictionaryEntry>
      <gml:dictionaryEntry>
        <ListedValueDefinition gml:id="utilcomp_TechDevice_class_TechDeviceClass_slideValve">
          <gml:identifier codeSpace="urn:citgml">urn:xplan:enum:utilcomp:TechDevice:class:TechDeviceClass:slideValve</gml:identifier>
          <gml:name>slideValve</gml:name>
        </ListedValueDefinition>
      </gml:dictionaryEntry>
      <gml:dictionaryEntry>
        <ListedValueDefinition gml:id="utilcomp_TechDevice_class_TechDeviceClass_generator">
          <gml:identifier codeSpace="urn:citgml">urn:xplan:enum:utilcomp:TechDevice:class:TechDeviceClass:generator</gml:identifier>
          <gml:name>generator</gml:name>
        </ListedValueDefinition>
      </gml:dictionaryEntry>
      <gml:dictionaryEntry>
        <ListedValueDefinition gml:id="utilcomp_TechDevice_class_TechDeviceClass_valve">
          <gml:identifier codeSpace="urn:citgml">urn:xplan:enum:utilcomp:TechDevice:class:TechDeviceClass:valve</gml:identifier>
          <gml:name>valve</gml:name>
        </ListedValueDefinition>
      </gml:dictionaryEntry>
      <gml:dictionaryEntry>
        <ListedValueDefinition gml:id="utilcomp_TechDevice_class_TechDeviceClass_turbine">
          <gml:identifier codeSpace="urn:citgml">urn:xplan:enum:utilcomp:TechDevice:class:TechDeviceClass:turbine</gml:identifier>
          <gml:name>turbine</gml:name>
        </ListedValueDefinition>
      </gml:dictionaryEntry>
      <gml:dictionaryEntry>
        <ListedValueDefinition gml:id="utilcomp_TechDevice_class_TechDeviceClass_unknown">
          <gml:identifier codeSpace="urn:citgml">urn:xplan:enum:utilcomp:TechDevice:class:TechDeviceClass:unknown</gml:identifier>
          <gml:name>unknown</gml:name>
        </ListedValueDefinition>
      </gml:dictionaryEntry>
      <def:cardinality>1</def:cardinality>
      <def:valueTypeName>TechDeviceClass</def:valueTypeName>
      <def:type>attribute</def:type>
    </def:PropertyDefinition>
  </gml:dictionaryEntry>
  <def:classification>featureType</def:classification>
  <def:supertypeRef xlink:href="urn:xplan:element:utilcomp:Abstract_Device" />
</TypeDefinition>