﻿<!--Erzeugt mit KIT (www.kit.edu) UmlToXmlTransformation-Software, Erstellungsdatum: 22.08.2012 09:24:15-->
<TypeDefinition xmlns="http://www.interactive-instruments.de/ShapeChange/Definitions/0.5" xmlns:def="http://www.interactive-instruments.de/ShapeChange/Definitions/0.5" xmlns:gml="http://www.opengis.net/gml/3.2" xmlns:xlink="http://www.w3.org/1999/xlink" xmlns:xsi="http://www.w3.org/2001/XMLSchema-instance" xsi:schemaLocation="http://www.interactive-instruments.de/ShapeChange/Definitions/0.5 ../xsd/ShapeChangeDefinitions.xsd" gml:id="utilcore_InteriorFeatureLink">
  <gml:description>In order to link a pair of nodes within the graph structure of a &lt;i&gt;NetworkFeature&lt;/i&gt;, a special type of edge called &lt;i&gt;InteriorFeatureLink&lt;/i&gt; is introduced which is only allowed to relate two nodes belonging to the same &lt;i&gt;FeatureGraph&lt;/i&gt; instance. Modeling a single &lt;i&gt;InteriorFeatureLink&lt;/i&gt; is not allowed because an edge has always to be bounded by exactly two nodes.</gml:description>
  <gml:identifier codeSpace="urn:citgml">urn:xplan:element:utilcore:InteriorFeatureLink</gml:identifier>
  <gml:name>utilcore:InteriorFeatureLink</gml:name>
  <def:classification>featureType</def:classification>
  <def:supertypeRef xlink:href="urn:xplan:element:utilcore:Abstract_Edge" />
</TypeDefinition>