﻿<!--Erzeugt mit KIT (www.kit.edu) UmlToXmlTransformation-Software, Erstellungsdatum: 22.08.2012 09:24:22-->
<TypeDefinition xmlns="http://www.interactive-instruments.de/ShapeChange/Definitions/0.5" xmlns:def="http://www.interactive-instruments.de/ShapeChange/Definitions/0.5" xmlns:gml="http://www.opengis.net/gml/3.2" xmlns:xlink="http://www.w3.org/1999/xlink" xmlns:xsi="http://www.w3.org/2001/XMLSchema-instance" xsi:schemaLocation="http://www.interactive-instruments.de/ShapeChange/Definitions/0.5 ../xsd/ShapeChangeDefinitions.xsd" gml:id="utilholspac_Abstract_UtilityHollowSpace">
  <gml:description />
  <gml:identifier codeSpace="urn:citgml">urn:xplan:element:utilholspac:Abstract_UtilityHollowSpace</gml:identifier>
  <gml:name>utilholspac:Abstract_UtilityHollowSpace</gml:name>
  <gml:dictionaryEntry>
    <def:PropertyDefinition gml:id="utilholspac_Abstract_UtilityHollowSpace_description">
      <gml:description />
      <gml:identifier codeSpace="urn:citgml">urn:xplan:element:utilholspac:Abstract_UtilityHollowSpace:attribute:description</gml:identifier>
      <gml:name>utilholspac:description</gml:name>
      <def:cardinality>1</def:cardinality>
      <def:valueTypeName>CharacterString</def:valueTypeName>
      <def:type>attribute</def:type>
    </def:PropertyDefinition>
  </gml:dictionaryEntry>
  <gml:dictionaryEntry>
    <def:PropertyDefinition gml:id="utilholspac_Abstract_UtilityHollowSpace_consistsOfParts">
      <gml:description />
      <gml:identifier codeSpace="urn:citgml">urn:xplan:element:utilholspac:Abstract_UtilityHollowSpace:association-role:consistsOfParts</gml:identifier>
      <gml:name>utilholspac:consistsOfParts</gml:name>
      <def:cardinality>0..*</def:cardinality>
      <def:valueTypeRef xlink:href="urn:xplan:element:utilholspac:UtilityHollowSpacePart" />
      <def:type>associationRole</def:type>
    </def:PropertyDefinition>
  </gml:dictionaryEntry>
  <gml:dictionaryEntry>
    <def:PropertyDefinition gml:id="utilholspac_Abstract_UtilityHollowSpace_containedCommodity">
      <gml:description />
      <gml:identifier codeSpace="urn:citgml">urn:xplan:element:utilholspac:Abstract_UtilityHollowSpace:association-role:containedCommodity</gml:identifier>
      <gml:name>utilholspac:containedCommodity</gml:name>
      <def:cardinality>0..1</def:cardinality>
      <def:valueTypeRef xlink:href="urn:xplan:element:utilnetprop:Abstract_CommodityClassifier" />
      <def:type>associationRole</def:type>
    </def:PropertyDefinition>
  </gml:dictionaryEntry>
  <def:classification>featureType</def:classification>
</TypeDefinition>