﻿<!--Erzeugt mit KIT (www.kit.edu) UmlToXmlTransformation-Software, Erstellungsdatum: 22.08.2012 09:24:19-->
<TypeDefinition xmlns="http://www.interactive-instruments.de/ShapeChange/Definitions/0.5" xmlns:def="http://www.interactive-instruments.de/ShapeChange/Definitions/0.5" xmlns:gml="http://www.opengis.net/gml/3.2" xmlns:xlink="http://www.w3.org/1999/xlink" xmlns:xsi="http://www.w3.org/2001/XMLSchema-instance" xsi:schemaLocation="http://www.interactive-instruments.de/ShapeChange/Definitions/0.5 ../xsd/ShapeChangeDefinitions.xsd" gml:id="utilcomp_StorageDevice">
  <gml:description />
  <gml:identifier codeSpace="urn:citgml">urn:xplan:element:utilcomp:StorageDevice</gml:identifier>
  <gml:name>utilcomp:StorageDevice</gml:name>
  <gml:dictionaryEntry>
    <def:PropertyDefinition gml:id="utilcomp_StorageDevice_class">
      <gml:description />
      <gml:identifier codeSpace="urn:citgml">urn:xplan:element:utilcomp:StorageDevice:attribute:class</gml:identifier>
      <gml:name>utilcomp:class</gml:name>
      <gml:dictionaryEntry>
        <ListedValueDefinition gml:id="utilcomp_StorageDevice_class_StorageDeviceClass_unknown">
          <gml:identifier codeSpace="urn:citgml">urn:xplan:enum:utilcomp:StorageDevice:class:StorageDeviceClass:unknown</gml:identifier>
          <gml:name>unknown</gml:name>
        </ListedValueDefinition>
      </gml:dictionaryEntry>
      <gml:dictionaryEntry>
        <ListedValueDefinition gml:id="utilcomp_StorageDevice_class_StorageDeviceClass_storageBasin">
          <gml:identifier codeSpace="urn:citgml">urn:xplan:enum:utilcomp:StorageDevice:class:StorageDeviceClass:storageBasin</gml:identifier>
          <gml:name>storageBasin</gml:name>
        </ListedValueDefinition>
      </gml:dictionaryEntry>
      <gml:dictionaryEntry>
        <ListedValueDefinition gml:id="utilcomp_StorageDevice_class_StorageDeviceClass_battery">
          <gml:identifier codeSpace="urn:citgml">urn:xplan:enum:utilcomp:StorageDevice:class:StorageDeviceClass:battery</gml:identifier>
          <gml:name>battery</gml:name>
        </ListedValueDefinition>
      </gml:dictionaryEntry>
      <gml:dictionaryEntry>
        <ListedValueDefinition gml:id="utilcomp_StorageDevice_class_StorageDeviceClass_tank">
          <gml:identifier codeSpace="urn:citgml">urn:xplan:enum:utilcomp:StorageDevice:class:StorageDeviceClass:tank</gml:identifier>
          <gml:name>tank</gml:name>
        </ListedValueDefinition>
      </gml:dictionaryEntry>
      <gml:dictionaryEntry>
        <ListedValueDefinition gml:id="utilcomp_StorageDevice_class_StorageDeviceClass_cistern">
          <gml:identifier codeSpace="urn:citgml">urn:xplan:enum:utilcomp:StorageDevice:class:StorageDeviceClass:cistern</gml:identifier>
          <gml:name>cistern</gml:name>
        </ListedValueDefinition>
      </gml:dictionaryEntry>
      <def:cardinality>1</def:cardinality>
      <def:valueTypeName>StorageDeviceClass</def:valueTypeName>
      <def:type>attribute</def:type>
    </def:PropertyDefinition>
  </gml:dictionaryEntry>
  <def:classification>featureType</def:classification>
  <def:supertypeRef xlink:href="urn:xplan:element:utilcomp:Abstract_Device" />
</TypeDefinition>