﻿<!--Erzeugt mit KIT (www.kit.edu) UmlToXmlTransformation-Software, Erstellungsdatum: 22.08.2012 09:24:15-->
<TypeDefinition xmlns="http://www.interactive-instruments.de/ShapeChange/Definitions/0.5" xmlns:def="http://www.interactive-instruments.de/ShapeChange/Definitions/0.5" xmlns:gml="http://www.opengis.net/gml/3.2" xmlns:xlink="http://www.w3.org/1999/xlink" xmlns:xsi="http://www.w3.org/2001/XMLSchema-instance" xsi:schemaLocation="http://www.interactive-instruments.de/ShapeChange/Definitions/0.5 ../xsd/ShapeChangeDefinitions.xsd" gml:id="utilcomp_Abstract_DistributionElement">
  <gml:description />
  <gml:identifier codeSpace="urn:citgml">urn:xplan:element:utilcomp:Abstract_DistributionElement</gml:identifier>
  <gml:name>utilcomp:Abstract_DistributionElement</gml:name>
  <gml:dictionaryEntry>
    <def:PropertyDefinition gml:id="utilcomp_Abstract_DistributionElement_class">
      <gml:description />
      <gml:identifier codeSpace="urn:citgml">urn:xplan:element:utilcomp:Abstract_DistributionElement:attribute:class</gml:identifier>
      <gml:name>utilcomp:class</gml:name>
      <gml:dictionaryEntry>
        <ListedValueDefinition gml:id="utilcomp_Abstract_DistributionElement_class_LineClassType_unknown">
          <gml:identifier codeSpace="urn:citgml">urn:xplan:enum:utilcomp:Abstract_DistributionElement:class:LineClassType:unknown</gml:identifier>
          <gml:name>unknown</gml:name>
        </ListedValueDefinition>
      </gml:dictionaryEntry>
      <gml:dictionaryEntry>
        <ListedValueDefinition gml:id="utilcomp_Abstract_DistributionElement_class_LineClassType_mainLine">
          <gml:identifier codeSpace="urn:citgml">urn:xplan:enum:utilcomp:Abstract_DistributionElement:class:LineClassType:mainLine</gml:identifier>
          <gml:name>mainLine</gml:name>
        </ListedValueDefinition>
      </gml:dictionaryEntry>
      <gml:dictionaryEntry>
        <ListedValueDefinition gml:id="utilcomp_Abstract_DistributionElement_class_LineClassType_transportLine">
          <gml:identifier codeSpace="urn:citgml">urn:xplan:enum:utilcomp:Abstract_DistributionElement:class:LineClassType:transportLine</gml:identifier>
          <gml:name>transportLine</gml:name>
        </ListedValueDefinition>
      </gml:dictionaryEntry>
      <gml:dictionaryEntry>
        <ListedValueDefinition gml:id="utilcomp_Abstract_DistributionElement_class_LineClassType_supplyLine">
          <gml:identifier codeSpace="urn:citgml">urn:xplan:enum:utilcomp:Abstract_DistributionElement:class:LineClassType:supplyLine</gml:identifier>
          <gml:name>supplyLine</gml:name>
        </ListedValueDefinition>
      </gml:dictionaryEntry>
      <gml:dictionaryEntry>
        <ListedValueDefinition gml:id="utilcomp_Abstract_DistributionElement_class_LineClassType_houseServiceLine">
          <gml:identifier codeSpace="urn:citgml">urn:xplan:enum:utilcomp:Abstract_DistributionElement:class:LineClassType:houseServiceLine</gml:identifier>
          <gml:name>houseServiceLine</gml:name>
        </ListedValueDefinition>
      </gml:dictionaryEntry>
      <def:cardinality>0..1</def:cardinality>
      <def:valueTypeName>LineClassType</def:valueTypeName>
      <def:type>attribute</def:type>
    </def:PropertyDefinition>
  </gml:dictionaryEntry>
  <gml:dictionaryEntry>
    <def:PropertyDefinition gml:id="utilcomp_Abstract_DistributionElement_functionOfLine">
      <gml:description />
      <gml:identifier codeSpace="urn:citgml">urn:xplan:element:utilcomp:Abstract_DistributionElement:attribute:functionOfLine</gml:identifier>
      <gml:name>utilcomp:functionOfLine</gml:name>
      <gml:dictionaryEntry>
        <ListedValueDefinition gml:id="utilcomp_Abstract_DistributionElement_functionOfLine_LineMeaningType_coolingLine">
          <gml:identifier codeSpace="urn:citgml">urn:xplan:enum:utilcomp:Abstract_DistributionElement:functionOfLine:LineMeaningType:coolingLine</gml:identifier>
          <gml:name>coolingLine</gml:name>
        </ListedValueDefinition>
      </gml:dictionaryEntry>
      <gml:dictionaryEntry>
        <ListedValueDefinition gml:id="utilcomp_Abstract_DistributionElement_functionOfLine_LineMeaningType_unknown">
          <gml:identifier codeSpace="urn:citgml">urn:xplan:enum:utilcomp:Abstract_DistributionElement:functionOfLine:LineMeaningType:unknown</gml:identifier>
          <gml:name>unknown</gml:name>
        </ListedValueDefinition>
      </gml:dictionaryEntry>
      <gml:dictionaryEntry>
        <ListedValueDefinition gml:id="utilcomp_Abstract_DistributionElement_functionOfLine_LineMeaningType_constantLine">
          <gml:identifier codeSpace="urn:citgml">urn:xplan:enum:utilcomp:Abstract_DistributionElement:functionOfLine:LineMeaningType:constantLine</gml:identifier>
          <gml:name>constantLine</gml:name>
        </ListedValueDefinition>
      </gml:dictionaryEntry>
      <gml:dictionaryEntry>
        <ListedValueDefinition gml:id="utilcomp_Abstract_DistributionElement_functionOfLine_LineMeaningType_flowLine">
          <gml:identifier codeSpace="urn:citgml">urn:xplan:enum:utilcomp:Abstract_DistributionElement:functionOfLine:LineMeaningType:flowLine</gml:identifier>
          <gml:name>flowLine</gml:name>
        </ListedValueDefinition>
      </gml:dictionaryEntry>
      <gml:dictionaryEntry>
        <ListedValueDefinition gml:id="utilcomp_Abstract_DistributionElement_functionOfLine_LineMeaningType_returnLine">
          <gml:identifier codeSpace="urn:citgml">urn:xplan:enum:utilcomp:Abstract_DistributionElement:functionOfLine:LineMeaningType:returnLine</gml:identifier>
          <gml:name>returnLine</gml:name>
        </ListedValueDefinition>
      </gml:dictionaryEntry>
      <gml:dictionaryEntry>
        <ListedValueDefinition gml:id="utilcomp_Abstract_DistributionElement_functionOfLine_LineMeaningType_steamLine">
          <gml:identifier codeSpace="urn:citgml">urn:xplan:enum:utilcomp:Abstract_DistributionElement:functionOfLine:LineMeaningType:steamLine</gml:identifier>
          <gml:name>steamLine</gml:name>
        </ListedValueDefinition>
      </gml:dictionaryEntry>
      <gml:dictionaryEntry>
        <ListedValueDefinition gml:id="utilcomp_Abstract_DistributionElement_functionOfLine_LineMeaningType_condensateLine">
          <gml:identifier codeSpace="urn:citgml">urn:xplan:enum:utilcomp:Abstract_DistributionElement:functionOfLine:LineMeaningType:condensateLine</gml:identifier>
          <gml:name>condensateLine</gml:name>
        </ListedValueDefinition>
      </gml:dictionaryEntry>
      <def:cardinality>0..1</def:cardinality>
      <def:valueTypeName>LineMeaningType</def:valueTypeName>
      <def:type>attribute</def:type>
    </def:PropertyDefinition>
  </gml:dictionaryEntry>
  <def:classification>featureType</def:classification>
  <def:supertypeRef xlink:href="urn:xplan:element:utilcomp:Abstract_NetworkFeature" />
</TypeDefinition>