﻿<!--Erzeugt mit KIT (www.kit.edu) UmlToXmlTransformation-Software, Erstellungsdatum: 22.08.2012 09:24:15-->
<TypeDefinition xmlns="http://www.interactive-instruments.de/ShapeChange/Definitions/0.5" xmlns:def="http://www.interactive-instruments.de/ShapeChange/Definitions/0.5" xmlns:gml="http://www.opengis.net/gml/3.2" xmlns:xlink="http://www.w3.org/1999/xlink" xmlns:xsi="http://www.w3.org/2001/XMLSchema-instance" xsi:schemaLocation="http://www.interactive-instruments.de/ShapeChange/Definitions/0.5 ../xsd/ShapeChangeDefinitions.xsd" gml:id="utilcore_NetworkLink">
  <gml:description>&lt;i&gt;NetworkLink&lt;/i&gt; is defined to be used to connect the exterior nodes of two &lt;i&gt;FeatureGraph&lt;/i&gt; instances when crossing &lt;i&gt;Network&lt;/i&gt; borders (connecting to Networks of different commodity types).</gml:description>
  <gml:identifier codeSpace="urn:citgml">urn:xplan:element:utilcore:NetworkLink</gml:identifier>
  <gml:name>utilcore:NetworkLink</gml:name>
  <def:classification>featureType</def:classification>
  <def:supertypeRef xlink:href="urn:xplan:element:utilcore:Abstract_Edge" />
</TypeDefinition>