﻿<!--Erzeugt mit KIT (www.kit.edu) UmlToXmlTransformation-Software, Erstellungsdatum: 22.08.2012 09:24:15-->
<TypeDefinition xmlns="http://www.interactive-instruments.de/ShapeChange/Definitions/0.5" xmlns:def="http://www.interactive-instruments.de/ShapeChange/Definitions/0.5" xmlns:gml="http://www.opengis.net/gml/3.2" xmlns:xlink="http://www.w3.org/1999/xlink" xmlns:xsi="http://www.w3.org/2001/XMLSchema-instance" xsi:schemaLocation="http://www.interactive-instruments.de/ShapeChange/Definitions/0.5 ../xsd/ShapeChangeDefinitions.xsd" gml:id="utilcore_InterFeatureLink">
  <gml:description>The main purpose of &lt;i&gt;InterFeatureLink&lt;/i&gt; is to establish a topological connection between two network features. Since it is derived from &lt;i&gt;Edge&lt;/i&gt;, it can additionally be embedded into 3D space. However, the concept of the &lt;i&gt;InterFeatureLink&lt;/i&gt; has to be augmented such that it additionally provides information about whether the network components are connected on the same level or over different levels of the hierarchy (&lt;i&gt;InterFeatureLinkTypes&lt;/i&gt;).</gml:description>
  <gml:identifier codeSpace="urn:citgml">urn:xplan:element:utilcore:InterFeatureLink</gml:identifier>
  <gml:name>utilcore:InterFeatureLink</gml:name>
  <gml:dictionaryEntry>
    <def:PropertyDefinition gml:id="utilcore_InterFeatureLink_type">
      <gml:description />
      <gml:identifier codeSpace="urn:citgml">urn:xplan:element:utilcore:InterFeatureLink:attribute:type</gml:identifier>
      <gml:name>utilcore:type</gml:name>
      <gml:dictionaryEntry>
        <ListedValueDefinition gml:id="utilcore_InterFeatureLink_type_InterFeatureLinkTypes_connects">
          <gml:identifier codeSpace="urn:citgml">urn:xplan:enum:utilcore:InterFeatureLink:type:InterFeatureLinkTypes:connects</gml:identifier>
          <gml:name>connects</gml:name>
        </ListedValueDefinition>
      </gml:dictionaryEntry>
      <gml:dictionaryEntry>
        <ListedValueDefinition gml:id="utilcore_InterFeatureLink_type_InterFeatureLinkTypes_contains">
          <gml:identifier codeSpace="urn:citgml">urn:xplan:enum:utilcore:InterFeatureLink:type:InterFeatureLinkTypes:contains</gml:identifier>
          <gml:name>contains</gml:name>
        </ListedValueDefinition>
      </gml:dictionaryEntry>
      <def:cardinality>1</def:cardinality>
      <def:valueTypeName>InterFeatureLinkTypes</def:valueTypeName>
      <def:type>attribute</def:type>
    </def:PropertyDefinition>
  </gml:dictionaryEntry>
  <def:classification>featureType</def:classification>
  <def:supertypeRef xlink:href="urn:xplan:element:utilcore:Abstract_Edge" />
</TypeDefinition>